热门查询,点击次数,展示,点击率,排名
redimensionar imagem,1,113,0.88%,69.59
heif to jpg,1,106,0.94%,29.04
convertir jpg a webp,1,11,9.09%,44.45
تحويل الصور من heic الى jpg,1,7,14.29%,9.57
heic png 変換,1,5,20%,28.2
تحويل الصورة من heic الى jpg,1,2,50%,10.5
redimension,1,1,100%,95
png to jpg,0,228,0%,76.29
convert png to jpg,0,99,0%,68.33
jpg in png,0,94,0%,35.82
jpg to png,0,80,0%,68.8
redimensionner image en ligne,0,79,0%,27.1
converter jpg em png,0,79,0%,58.47
jpg in png umwandeln,0,68,0%,37.28
converter jpg para png,0,66,0%,63.94
conversor de jpg para png,0,60,0%,55.08
png to jpg converter,0,59,0%,68.64
webp to jpg,0,58,0%,60.57
converter jpg to png,0,57,0%,60.02
converter jpg png,0,56,0%,61.82
redimensionar imagem online,0,55,0%,87.56
jpg to avif,0,54,0%,30.56
heic to jpg,0,51,0%,60.53
converte jpg em png,0,50,0%,61.3
mudar tamanho da imagem,0,50,0%,68.66
conversor jpg para png,0,47,0%,58.28
cambiar tamaño de imagen,0,47,0%,74.6
image resize,0,47,0%,92.94
png to avif,0,46,0%,45.61
jpg png converter,0,46,0%,58.98
converter imagem png para jpg,0,46,0%,60.76
transformar jpg em png,0,45,0%,51.91
converter png para jpg,0,45,0%,66.51
convertisseur png jpg en ligne,0,44,0%,22.77
como transformar png em jpg,0,44,0%,53.5
conversor de png para jpg,0,44,0%,58.75
de jpg para png,0,43,0%,54.33
transformar jpg para png,0,43,0%,56.84
avif in png,0,42,0%,22.19
heic a jpg,0,42,0%,56.4
redimensionamento de imagem,0,41,0%,74.2
transforma jpg em png,0,40,0%,57.25
converter imagem jpg em png,0,40,0%,58.48
conversor para png,0,40,0%,68.58
editor tamaño de fotos,0,37,0%,52.11
convert png jpg,0,37,0%,57.19
redimensionar imagen,0,37,0%,63.95
convertir heic a jpg,0,36,0%,59.89
avif to png,0,36,0%,74.5
converter imagem jpg para png,0,34,0%,58.94
converter de jpg para png,0,34,0%,61.79
como converter jpg para png,0,34,0%,64.59
transformar png em jpg,0,34,0%,71.97
jpg para png,0,33,0%,59.97
converter de png para jpg,0,32,0%,57.75
webp to png,0,32,0%,71.91
webp a jpg,0,31,0%,55.81
pasar archivo webp a jpg,0,30,0%,61.03
png image to jpg,0,30,0%,70.57
converter png to jpg,0,29,0%,61.34
redimensionar foto online,0,29,0%,91
heic to webp,0,28,0%,23.93
cambiar el tamaño de una imagen,0,28,0%,81.86
png avif 変換,0,27,0%,7.44
convertisseur png vers jpg,0,27,0%,24.7
png converter jpg,0,27,0%,55.48
cambiar resolucion de imagen,0,26,0%,66.5
convertir imágenes a webp online,0,26,0%,82.08
convertisseur jpg png,0,25,0%,28.56
converter imagem png em jpg,0,25,0%,61.8
convertir jpg en png,0,25,0%,73.12
redimensionador de imagem,0,25,0%,73.68
redimensionner image,0,24,0%,47.12
jpg to webp,0,24,0%,63.08
avif to jpg,0,24,0%,67.29
bildkomprimierer,0,23,0%,41.52
converter png em jpg,0,23,0%,64.57
converter png pra jpg,0,23,0%,84.57
heic a png,0,21,0%,33.57
webp a png,0,21,0%,66.24
jpg png format,0,21,0%,76.43
convertir png a jpg,0,20,0%,66.65
comprimir imagenes,0,20,0%,68.35
redimensionar fotos,0,20,0%,70.25
converte jpg to png,0,19,0%,56.68
png para jpg,0,19,0%,59.79
jpg to png image converter,0,19,0%,66.79
convert jpg to png,0,19,0%,68.11
convertir webp a jpg,0,19,0%,69.42
redimensionar imagens,0,19,0%,75.11
conversor png para jpeg,0,19,0%,76.05
convertir image png en jpg en ligne,0,18,0%,42.94
heic to png,0,18,0%,67.83
redimensionner une image,0,17,0%,63.35
redimensionar imagem grátis,0,17,0%,78
redimensionar imagem gratuito,0,17,0%,78.76
avif png,0,16,0%,26.38
jpg in png konvertieren,0,16,0%,31.5
convertir png jpg en ligne,0,16,0%,36.69
сжать фото,0,16,0%,36.88
png or jpg,0,16,0%,65.88
avif in jpg,0,15,0%,34.2
сжать изображение онлайн,0,15,0%,37.47
сжать фото онлайн,0,15,0%,45.8
redimensionar imagen online,0,15,0%,60.73
png a jpg,0,15,0%,71.93
change png to jpg,0,15,0%,80.73
convertir heic a png,0,14,0%,32.14
png in jpg konvertieren,0,14,0%,32.86
redimensionner photo,0,14,0%,39.43
png in jpg,0,14,0%,54.79
convertir png en jpg,0,14,0%,62.64
conversor png para jpg,0,14,0%,71.71
redimensionar imagem png,0,14,0%,71.71
avif a png,0,13,0%,29.31
convertir fichier png en jpg en ligne gratuit,0,13,0%,40.38
png to webp,0,13,0%,52.38
avif a jpg,0,13,0%,58.38
converter para png,0,13,0%,62.15
redimensionar imagenes,0,13,0%,62.31
de webp a jpg,0,13,0%,65.23
png em jpg,0,13,0%,65.54
convertir webp en png,0,13,0%,65.69
webp jpg,0,13,0%,68
how to convert heif to jpg,0,13,0%,73.62
cambiar tamaño de imagen online,0,13,0%,83.38
redimensionar imagem jpg,0,13,0%,84.31
picshift,0,12,0%,8.33
heif en jpg,0,12,0%,11.25
redimensionner une image en ligne,0,12,0%,22.42
convertir de heic a webp,0,12,0%,23.67
convertisseur png jpg,0,12,0%,26.67
redimensionner jpg en ligne,0,12,0%,27.42
convertisseur png en jpg,0,12,0%,27.67
convertir avif en png,0,12,0%,37.33
convertir une image png en jpg en ligne,0,12,0%,41.17
webp in png,0,12,0%,45.75
jpg en png,0,12,0%,48.67
avif to png converter,0,12,0%,65
avif jpg,0,12,0%,66.5
conveter para png,0,12,0%,67.25
png jpg,0,12,0%,77.25
redimensionar foto,0,12,0%,78
site para redimensionar imagem,0,12,0%,81.67
redimensionador de imagem online,0,12,0%,97.83
تحويل من heic الى jpg,0,11,0%,8.64
из heif в jpg,0,11,0%,8.73
конвертировать heif в jpg,0,11,0%,8.91
конвертер heif в jpg,0,11,0%,9.36
convertire heic in png,0,11,0%,27.91
сжать изображение,0,11,0%,37.82
сжатие фото,0,11,0%,43.36
webp in jpg,0,11,0%,46.73
convertisseur image png en jpg,0,11,0%,48.27
webp to png converter,0,11,0%,59
redimensionar png,0,11,0%,71.55
webp png,0,11,0%,76.91
how to convert png to jpg,0,11,0%,78.91
.heif to jpg,0,10,0%,10
уменьшить вес картинки,0,10,0%,14.3
сжать картинку,0,10,0%,36.2
png en jpg en ligne,0,10,0%,42.4
jpg a webp,0,10,0%,46.4
jpg png 変換,0,10,0%,65.5
convertir de heic a jpg,0,10,0%,66.8
png convert to jpg,0,10,0%,72.4
convertir imagen a png,0,10,0%,76.1
compresser image,0,10,0%,76.4
jpg a png,0,10,0%,83.4
преобразовать heif в jpg,0,9,0%,8.33
heif в jpg,0,9,0%,11.11
уменьшить вес фото,0,9,0%,24.44
avif to webp,0,9,0%,38.22
de heic a png,0,9,0%,42.44
comment convertir heic en jpg,0,9,0%,42.56
уменьшение размера фото,0,9,0%,43.78
converter avif para jpg,0,9,0%,43.89
da jpg a png,0,9,0%,45.44
сжать фото без потери качества,0,9,0%,45.89
convertisseur de jpg en png,0,9,0%,52.78
converter imagem para png,0,9,0%,62.44
png converter to jpg,0,9,0%,66.67
heic jpg,0,9,0%,70.89
convertir jpg a png,0,9,0%,72.67
formato heic a jpg,0,9,0%,83.33
bild größe ändern,0,9,0%,84.33
comprimir imagen,0,9,0%,86.22
heic webp 変換,0,8,0%,9.25
convertir avif a png,0,8,0%,17.38
convertir heic en png,0,8,0%,32.12
convert heif to jpg,0,8,0%,34
jpg zu png umwandeln,0,8,0%,35.88
convertisseur photo png en jpg,0,8,0%,37.75
converter imagem em png,0,8,0%,57.12
png pra jpg,0,8,0%,61.38
convert jpg to avif,0,8,0%,65.12
convertisseur jpg en png,0,8,0%,65.75
jpg file to png,0,8,0%,66.38
transformer jpg en png,0,8,0%,71.5
converter webp para png,0,8,0%,71.62
png to jpg high quality,0,8,0%,74.25
convertir heif en jpg,0,7,0%,21.29
jpg zu png,0,7,0%,25.71
heic 轉 jpg,0,7,0%,28.43
outil redimensionner image en ligne,0,7,0%,34.57
converti avif in jpg,0,7,0%,35.14
achicar imagen,0,7,0%,37.29
画像 サイズ 圧縮,0,7,0%,46.57
webp轉檔,0,7,0%,48.43
画像圧縮,0,7,0%,53.57
heif to png,0,7,0%,53.71
heic to jpg converter,0,7,0%,58.86
конвертировать webp в png,0,7,0%,59.14
convertir webp a png,0,7,0%,61.71
convert png to jpg without losing quality,0,7,0%,66.86
png to avif converter,0,7,0%,66.86
how to convert hif to jpg,0,7,0%,68.14
cambiar tamaño imagen,0,7,0%,68.57
reduire taille image,0,7,0%,70.14
save png as jpg,0,7,0%,70.29
converting png to jpg,0,7,0%,72.14
png redimensionar,0,7,0%,74.14
画像 リサイズ,0,7,0%,74.57
changing png to jpg,0,7,0%,74.86
compresser les photos,0,7,0%,75.29
imagen tamaño,0,7,0%,77.29
photo compressor,0,7,0%,78.57
webp jpg 変換,0,7,0%,82
compresser une image,0,7,0%,82.71
convert avif to png,0,7,0%,83.29
turn png to jpg,0,7,0%,83.29
heic in jpg,0,7,0%,84
convertidor formato webp,0,7,0%,85.71
png file to jpg,0,7,0%,89.14
bildgröße ändern,0,7,0%,93.71
transformar avif em png,0,6,0%,15.67
convertir png vers jpg,0,6,0%,21.67
convertir jpg avif,0,6,0%,25.17
уменьшить размер фото,0,6,0%,32.5
converti da jpg a png,0,6,0%,33.5
сжать картинку онлайн,0,6,0%,34.67
convertir fichier png en jpg,0,6,0%,37.17
convert heic to webp,0,6,0%,50.17
сжатие картинок,0,6,0%,52
convertidor heic a jpg,0,6,0%,54.17
cambiar tamaño de fotos,0,6,0%,56.67
convertidor de heic a jpg,0,6,0%,56.67
transformar de heic a jpg,0,6,0%,57.17
convert png to avif,0,6,0%,64.67
png and jpg,0,6,0%,65.33
webp to png lossless,0,6,0%,69.17
convert webp to png,0,6,0%,70.33
png to jpg convert,0,6,0%,70.5
heic jpg 変換,0,6,0%,74.5
de jpg a png,0,6,0%,75
convert from png to jpg,0,6,0%,78
convert jpg webp,0,6,0%,78
convert heic to jpg,0,6,0%,80.17
png to,0,6,0%,82.33
convert png file to jpg,0,6,0%,83.33
convert png to,0,6,0%,85.83
pic resize,0,6,0%,86.33
compresion de imagenes,0,6,0%,91.67
png to jpeg,0,6,0%,91.67
heic to avif,0,5,0%,8.4
圖片縮放,0,5,0%,9.4
heic a webp,0,5,0%,10.6
heic в png,0,5,0%,19.2
.heic vers png,0,5,0%,20.2
converter avif em png,0,5,0%,20.6
heic轉jpg,0,5,0%,22.6
jpg轉png,0,5,0%,24.4
avif jpg 変換,0,5,0%,32.8
конвертер avif в png,0,5,0%,37
webp datei in jpg,0,5,0%,37.4
convertir une image png en jpg,0,5,0%,39.6
convertire heic in jpg,0,5,0%,39.6
convertir un fichier png en jpg,0,5,0%,42.2
png 轉 jpg,0,5,0%,46.6
png to heif,0,5,0%,46.8
site pour redimensionner une image,0,5,0%,48.6
jpg to avif converter,0,5,0%,51.8
comprimir imagens,0,5,0%,52.6
changer jpg en png,0,5,0%,54.4
cambiar dimensiones de una imagen,0,5,0%,54.6
.heic zu png,0,5,0%,55
converter avif para png,0,5,0%,56
avif convert to png,0,5,0%,56.6
jpg to png converter online,0,5,0%,56.6
dimension imagen,0,5,0%,57.8
avif 変換,0,5,0%,59
convert webp to avif,0,5,0%,59.2
png 変換,0,5,0%,59.4
convertidor de webp a jpg,0,5,0%,61.4
transformar heic em jpg,0,5,0%,61.8
png jpg converter,0,5,0%,62.4
как сжать фото,0,5,0%,62.8
redimensionador de imagens,0,5,0%,63.4
convertir de webp a png,0,5,0%,64
de png a jpg,0,5,0%,64
heic jpg converter,0,5,0%,64.2
convertir imagenes heic a jpg,0,5,0%,65.2
pasar de heic a jpg,0,5,0%,65.4
convert avif to jpg,0,5,0%,65.6
jpg to png converter,0,5,0%,66.2
cambiar de tamaño una foto,0,5,0%,67.8
dimensiones foto,0,5,0%,67.8
heif,0,5,0%,68.4
convertir du png en jpg,0,5,0%,69
de heic a jpg,0,5,0%,69
convert a png to jpg,0,5,0%,70.2
convertir de webp a jpg,0,5,0%,70.6
redimensionar banner,0,5,0%,71.8
png en jpg,0,5,0%,72.8
heif to jpeg,0,5,0%,73.8
convertisseur jpg vers png,0,5,0%,74.4
jpeg to webp,0,5,0%,74.4
heic 変換,0,5,0%,74.6
convertir avif a jpg,0,5,0%,75.4
png to jpg conversion,0,5,0%,77.4
redimensionar png online,0,5,0%,77.6
webp png 変換,0,5,0%,78.8
heif image to jpg,0,5,0%,79.6
convertidor de jpg a png,0,5,0%,80.6
heic,0,5,0%,84
redimensionar imagem online png,0,5,0%,84
tamaño de imagen,0,5,0%,84.8
change .png to .jpg,0,5,0%,85.4
tamaño de foto,0,5,0%,87
конвертация heif в jpg,0,4,0%,8.5
image heif en jpg,0,4,0%,9
convertisseur avif png,0,4,0%,11.75
convertir heif a jpg,0,4,0%,15.75
image resolution changer,0,4,0%,16.5
перевести heic в png,0,4,0%,19.5
heif jpg 변환,0,4,0%,24
여러가지 wepb 파일 jpeg로,0,4,0%,24
conversor de avif para png,0,4,0%,24.5
converter imagem webp para png,0,4,0%,24.75
converti jpg in png,0,4,0%,28.25
jpg zu webp,0,4,0%,33.75
da avif a jpg,0,4,0%,34.25
convertisseur jpg webp,0,4,0%,35
heif a jpg,0,4,0%,36
heic en png,0,4,0%,38.5
convertidor webp a png,0,4,0%,40.25
what is exif data,0,4,0%,41.75
de avif a png,0,4,0%,42.5
облегчить фото,0,4,0%,42.5
jpg png 변환 프로그램,0,4,0%,43.75
تصغير حجم الصورة,0,4,0%,45.75
alleggerire immagine,0,4,0%,46.25
webp para jpg,0,4,0%,46.5
modifier heic en jpg,0,4,0%,47.25
pasar de heic a png,0,4,0%,47.75
cambiar tamaño foto,0,4,0%,48.75
converter heic para png,0,4,0%,50.75
modificare dimensioni foto online,0,4,0%,51.5
jpg 轉 png,0,4,0%,52
写真 サイズ小さくする,0,4,0%,52.25
comprimir imagenes online,0,4,0%,53
webp to avif converter,0,4,0%,53.75
как уменьшить вес фото,0,4,0%,53.75
heic para jpg,0,4,0%,54.25
convertir heich a,0,4,0%,54.75
heif converter,0,4,0%,55
trasformare foto in png,0,4,0%,55.25
cambiar imagen webp a jpg,0,4,0%,55.5
ajustar tamaño de imagen,0,4,0%,56.75
de webp a png,0,4,0%,58.75
conversor png a jpg,0,4,0%,59
cambiar tamaño de la imagen,0,4,0%,59.25
heic to webp converter,0,4,0%,60
pasar webp a png,0,4,0%,60
convertir archivos heic a jpg,0,4,0%,60.5
画像 容量,0,4,0%,60.5
사진 크기 조정,0,4,0%,61.5
ajustar imagen,0,4,0%,62.25
사진 크기 조절,0,4,0%,62.25
convertir webp en jpg,0,4,0%,63.25
cambiar de heic a jpg,0,4,0%,65
jpg を png に変換,0,4,0%,65.25
convertire webp in png,0,4,0%,66
transformar webp a jpg,0,4,0%,66
png to jpg photo converter,0,4,0%,66.25
png vers jpg,0,4,0%,66.5
converter avif to jpg,0,4,0%,66.75
comprimir fotos,0,4,0%,67
jpg png,0,4,0%,67.5
convertidor jpg a png,0,4,0%,68.25
heic to jpg 변환,0,4,0%,68.75
converter imagem png,0,4,0%,69.25
heic in jpg umwandeln online,0,4,0%,69.25
compression photo,0,4,0%,69.75
.avif to png,0,4,0%,70.5
heif to jpg converter,0,4,0%,72.25
convertir png a webp,0,4,0%,72.5
jpg webp,0,4,0%,73
redimensionar,0,4,0%,73.25
compresor de imagenes,0,4,0%,73.75
png format to jpg,0,4,0%,74.25
trasformare webp in jpg,0,4,0%,74.25
ficheiro webp para jpg,0,4,0%,75.5
how to change heif to jpg,0,4,0%,76.25
modificar el tamaño de una imagen,0,4,0%,76.25
compresser des photo,0,4,0%,76.5
convertir imagen jpg a png,0,4,0%,76.5
png webp,0,4,0%,76.5
comment transformer un jpg en png,0,4,0%,77
redimensionar jpg,0,4,0%,77.5
comprésser photo,0,4,0%,78
heic png,0,4,0%,78.5
archivo webp a jpg,0,4,0%,78.75
convertir png a,0,4,0%,78.75
transformer un format png en jpg,0,4,0%,78.75
avif,0,4,0%,80
из webp в jpg,0,4,0%,80
png into jpg,0,4,0%,80.25
converter heic to png,0,4,0%,81.5
convertir fichier png en jpeg en ligne,0,4,0%,81.75
changer photo png en jpg,0,4,0%,82
formato avif,0,4,0%,82
resize pictures,0,4,0%,83
convert .heic to jpg,0,4,0%,83.25
png to jpg format converter,0,4,0%,83.25
cambiar de tamaño una imagen,0,4,0%,83.5
convert files from png to jpg,0,4,0%,83.75
cambiar pixeles de una imagen,0,4,0%,84.25
heic zu jpg,0,4,0%,84.25
transformer photo jpg en png,0,4,0%,84.75
converter from png to jpg,0,4,0%,85
comment convertir un png en jpeg,0,4,0%,86
webp в jpg,0,4,0%,86.25
tamaño imagen,0,4,0%,87
transformer un format png en jpeg,0,4,0%,88
ajuste de imagenes,0,4,0%,91.75
transformer une image jpg en png,0,4,0%,95.5
convert png image to jpg,0,4,0%,96
conversion avif png,0,3,0%,7
写真 容量 減らす 無料,0,3,0%,8.67
снизить вес фото,0,3,0%,9
уменьшение веса фото,0,3,0%,9.33
تحويل الصور heic الى jpg,0,3,0%,9.33
from heif to jpg,0,3,0%,9.67
heif jpg,0,3,0%,10.67
авиф в пнг,0,3,0%,13
уменьшить вес изображения,0,3,0%,15
webp a avif,0,3,0%,19
convertitore immagini,0,3,0%,23
уменьшить фото,0,3,0%,24
webp 파일 jpg로 저장,0,3,0%,24.67
convertir heic a pngc,0,3,0%,26.67
heic zu webp,0,3,0%,28.33
уменьшить изображение,0,3,0%,28.33
уменьшить размер фото онлайн,0,3,0%,31
avif jpeg 変換,0,3,0%,31.67
png para avif,0,3,0%,33
convertire jpg in webp,0,3,0%,33.33
redimensionner une photo,0,3,0%,35
сжать размер изображения,0,3,0%,36.33
transformer fichier png en jpg,0,3,0%,37.33
da png a jpg,0,3,0%,37.67
уменьшить качество фото,0,3,0%,38
cambiar pixeles imagen,0,3,0%,38.33
heic 変換 png,0,3,0%,39
converti jpg in webp,0,3,0%,39.33
da avif a png,0,3,0%,39.67
converter heic para jpg windows,0,3,0%,40.67
webp to jpg converter,0,3,0%,40.67
redimensionner une image en ligne gratuit,0,3,0%,41
convertir imagen avif a jpg,0,3,0%,41.33
formato pic,0,3,0%,41.33
heic to jpeg,0,3,0%,41.33
heic vs webp,0,3,0%,43.67
comprimi foto,0,3,0%,45
passar imagem para png,0,3,0%,45
画像 サイズ 縮小,0,3,0%,45.33
convertir archivo webp en jpg,0,3,0%,46.33
come comprimere le foto,0,3,0%,47
reducir pixeles foto,0,3,0%,47
convertir png a jpg ilove,0,3,0%,47.33
convertire avif in png,0,3,0%,47.33
heif vs webp,0,3,0%,47.33
avif para png,0,3,0%,48.33
heic convert to jpg,0,3,0%,48.33
конвертер webp в png,0,3,0%,49
convert ios photo to jpg,0,3,0%,50
comprimere foto,0,3,0%,50.33
réduire taille photo,0,3,0%,50.33
сжатие изображений,0,3,0%,50.33
changer format photo,0,3,0%,50.67
hacer imagenes mas pequeñas,0,3,0%,51.33
réduire taille image en ligne,0,3,0%,51.33
redimensionner jpg,0,3,0%,52.33
cambiar tamaño,0,3,0%,52.67
bilder skalieren,0,3,0%,53
comprimere una foto,0,3,0%,53
convertitore da jpg a png,0,3,0%,54
convert webp to jpg,0,3,0%,54.33
changer pixel photo,0,3,0%,54.67
converter png em webp,0,3,0%,55.33
convertir avif en jpg,0,3,0%,56.67
convertir de jpg a png,0,3,0%,56.67
compressione immagini,0,3,0%,57.33
convertir imagen webp a png,0,3,0%,57.33
mudar imagem para png,0,3,0%,57.67
converter heic,0,3,0%,58
convertir de jpg a webp,0,3,0%,58
convertir de heic a png,0,3,0%,58.67
convert jpg png,0,3,0%,59
redimensionar imágenes,0,3,0%,59.67
ajustar foto,0,3,0%,60
converter png a jpg,0,3,0%,60.33
converter webp em png,0,3,0%,60.33
foto heic para jpg,0,3,0%,60.33
사진 사이즈 조절 사이트,0,3,0%,60.33
comprimere immagini,0,3,0%,60.67
réducteur taille photo,0,3,0%,60.67
wepp para jpg,0,3,0%,60.67
modificar tamaño de imagen,0,3,0%,61
png to jph,0,3,0%,61.67
cambiar formato webp a jpg,0,3,0%,62
cambiar de webp a jpg,0,3,0%,62.67
converter imagens em png,0,3,0%,62.67
compresser des photos,0,3,0%,63
compresser une photo,0,3,0%,63
comprimir fotografias,0,3,0%,63
bild skalieren ohne qualitätsverlust,0,3,0%,63.33
redimensionar imagenes online,0,3,0%,63.33
transform png to jpg,0,3,0%,63.33
cambiar tamaño de foto,0,3,0%,63.67
compactar foto online,0,3,0%,63.67
convertitore jpg png,0,3,0%,63.67
.webp a png,0,3,0%,65
converter heic para jpg,0,3,0%,65
.heic para png,0,3,0%,65.33
difference png jpg,0,3,0%,65.33
png vs jpg,0,3,0%,65.33
png to jpg image converter,0,3,0%,66
archivo heic a jpg,0,3,0%,66.33
comprimere le foto,0,3,0%,66.33
convertir formato heic a jpg,0,3,0%,66.33
heic to jpg free,0,3,0%,66.33
convertir heic a jpg online,0,3,0%,66.67
mudar jpg para png,0,3,0%,66.67
cambiar de png a jpg,0,3,0%,67
convertire webp in jpg,0,3,0%,67
when to use png vs jpg,0,3,0%,67
convertir imagen webp a jpg,0,3,0%,67.33
best png to jpg converter,0,3,0%,67.67
from png to jpg,0,3,0%,68
webp in jpeg,0,3,0%,68
converter webp para jpg,0,3,0%,68.33
convertidor de webp a png,0,3,0%,68.67
convertitore webp png,0,3,0%,68.67
format png en jpg,0,3,0%,68.67
webp converter to jpg,0,3,0%,68.67
webp pra png,0,3,0%,68.67
editar resolucion de imagen,0,3,0%,69
pasar de png a jpg,0,3,0%,69.67
生成画像 軽量化,0,3,0%,69.67
image converter png to jpg,0,3,0%,70
transformar de png para jpg,0,3,0%,70
comprimir foto,0,3,0%,70.33
convertir heic a jpg gratis,0,3,0%,70.33
reducir pixeles,0,3,0%,70.33
cambiar px de una imagen,0,3,0%,70.67
convert png to jpg format,0,3,0%,70.67
png convert jpg,0,3,0%,71
converter png jpg,0,3,0%,71.33
format png to jpg,0,3,0%,71.33
pasar webp a jpg,0,3,0%,71.33
png pra jpeg,0,3,0%,71.33
transformador em png,0,3,0%,71.33
pasar de webp a png,0,3,0%,72
redimensionar una foto,0,3,0%,72
compresseur photo,0,3,0%,72.33
convert png into jpg,0,3,0%,72.33
convertir jpg a png gratis,0,3,0%,72.33
png jpg conversion,0,3,0%,72.33
conversor de jpg a png,0,3,0%,73.33
heic to png converter,0,3,0%,73.33
png to jpeg compress,0,3,0%,73.33
png datei in jpg umwandeln,0,3,0%,73.67
cambiar archivo heic a jpg,0,3,0%,74
compresse photo,0,3,0%,74
compresser les images,0,3,0%,74.33
.webp to jpg,0,3,0%,74.67
custom resize image,0,3,0%,74.67
file convert png to jpg,0,3,0%,74.67
конвертер heic в jpg,0,3,0%,74.67
aumentar tamaño,0,3,0%,75
conversor png jpg,0,3,0%,75
converting avif to png,0,3,0%,75
webp png converter,0,3,0%,75
archivo png a jpg,0,3,0%,75.33
comment transformer un fichier jpg en png,0,3,0%,75.33
convertidor de imagen a png,0,3,0%,75.33
convertir png a jpeg,0,3,0%,75.33
editar tamaño foto,0,3,0%,75.33
redimensionar una imagen,0,3,0%,75.33
change heif to jpg,0,3,0%,75.67
heic dateien in jpg umwandeln,0,3,0%,75.67
converter foto png,0,3,0%,76
compressione foto,0,3,0%,76.33
convertidor de fotos a png,0,3,0%,76.33
dimension foto,0,3,0%,76.33
convertir imagen heic a jpg,0,3,0%,76.67
achicar una foto,0,3,0%,77.33
이미지 압축,0,3,0%,77.33
конвертер webp в jpg,0,3,0%,77.67
transformar webp em png,0,3,0%,78
heic in jpg umwandeln,0,3,0%,78.33
jpg a png sin fondo,0,3,0%,78.33
redimensionar foto para perfil whatsapp online,0,3,0%,78.33
conversor heic a jpg,0,3,0%,78.67
converter jpg to webp,0,3,0%,79
comment convertir jpg en png,0,3,0%,79.33
convertidor imagenes a png,0,3,0%,79.33
convertir jpg png,0,3,0%,79.33
convertir foto a png gratis,0,3,0%,79.67
convert iphone heic to jpg,0,3,0%,80
transformer une photo png en jpeg,0,3,0%,80
cambiar jpg a png,0,3,0%,80.33
convertitore avif,0,3,0%,80.67
immagine to png,0,3,0%,81
converting heif to jpg,0,3,0%,81.33
webp 파일 png 변환,0,3,0%,81.33
convert jpg to webp,0,3,0%,81.67
heic jpeg 変換,0,3,0%,81.67
heic umwandeln,0,3,0%,81.67
change image from png to jpg,0,3,0%,82
compresor de imágenes,0,3,0%,82
changer un png en jpg,0,3,0%,83.67
de jpg a png sin fondo,0,3,0%,83.67
comment transformer une image png en jpg,0,3,0%,84
reduire une photo,0,3,0%,84.33
redimensionar imagem pixels,0,3,0%,85
picture data,0,3,0%,85.33
transformer du png en jpeg,0,3,0%,85.33
ridimensiona immagini,0,3,0%,86
convert file from png to jpg,0,3,0%,86.33
avif into png,0,3,0%,87
cambiar de tamaño imagenes,0,3,0%,87
heci to jpg,0,3,0%,87.33
redimensionar fotos online,0,3,0%,87.33
changer format png en jpg,0,3,0%,89
conversion of png to jpg,0,3,0%,89
convertir photo en png,0,3,0%,89
image png to jpg,0,3,0%,89.67
png to img,0,3,0%,89.67
convert png to jpg file,0,3,0%,91.33
convertire jpg en png,0,3,0%,92.33
comment convertir une image jpg en png,0,3,0%,96
heic to png local,0,2,0%,5
png avif,0,2,0%,6.5
convert jpeg to avif,0,2,0%,8.5
heif to avif,0,2,0%,8.5
تحويل صيغة heic الى jpg,0,2,0%,8.5
evtymibnm dtc rfhnbyrb,0,2,0%,9.5
heic avif,0,2,0%,9.5
heic2any ios safari webp,0,2,0%,9.5
imageshift,0,2,0%,9.5
conversor de avif a png,0,2,0%,10
convertir heif en jpeg,0,2,0%,10.5
формат heif в jpg,0,2,0%,10.5
convertisseur heif jpg,0,2,0%,11
fichier heif en jpg,0,2,0%,11
what is a jpg vs png,0,2,0%,11
convertir jpg en avif,0,2,0%,12.5
convertisseur avif en png,0,2,0%,13.5
convertir de avif a png,0,2,0%,14.5
convertir heic a webp,0,2,0%,15.5
webp avif,0,2,0%,16
heic в пнг,0,2,0%,17
з heic в png,0,2,0%,17.5
change image dimensions,0,2,0%,18.5
jpeg to avif,0,2,0%,18.5
png轉jpg,0,2,0%,18.5
изменить вес изображения,0,2,0%,18.5
из heic в png,0,2,0%,19.5
уменьшить вес изображения онлайн,0,2,0%,19.5
de jpg a avif,0,2,0%,20.5
meilleur convertisseur png vers jpg en ligne,0,2,0%,21
轉png,0,2,0%,21
сжимать фото,0,2,0%,21.5
webp jpg로 변환,0,2,0%,22.5
縮小圖片,0,2,0%,22.5
converter avif para webp,0,2,0%,24
heic in png,0,2,0%,24
webp轉jpg,0,2,0%,24
уменьшить вес фото онлайн,0,2,0%,24
converter heic para webp,0,2,0%,24.5
changer dimension photo,0,2,0%,26
converter jpg para avif,0,2,0%,26
avifをjpgに変換,0,2,0%,26.5
webp jpg 변환,0,2,0%,26.5
hif a jpg,0,2,0%,27
webp in png umwandeln,0,2,0%,27
changer la resolution d'une photo,0,2,0%,28
heif in jpg,0,2,0%,28.5
jpg轉webp,0,2,0%,28.5
jpg converter png,0,2,0%,29
png zu webp,0,2,0%,29.5
converter webp para avif,0,2,0%,30
轉webp,0,2,0%,30
.heic to jpg,0,2,0%,32
convertitore heic png,0,2,0%,32
jpg als png umwandeln,0,2,0%,32
png to webp konverter,0,2,0%,32
redimensionner une photo en ligne,0,2,0%,32
converter avif em jpg,0,2,0%,33
avif 変換 jpg,0,2,0%,33.5
ухудшить качество фото,0,2,0%,34
converter foto jpg para png,0,2,0%,35
png vs png,0,2,0%,36.5
cambia dimensioni immagine,0,2,0%,37
modifica pixel foto,0,2,0%,37
trasformare png in jpg,0,2,0%,37
pasar fotos de heic a jpg,0,2,0%,37.5
ridimensionare pixel foto online,0,2,0%,37.5
trasformare heic in jpg,0,2,0%,37.5
cambiare risoluzione foto,0,2,0%,38
jpg para webp,0,2,0%,38
сжатие фотографий,0,2,0%,38
convertisseur de png en jpg,0,2,0%,38.5
cambiare dimensione foto,0,2,0%,39
pasar heic a png,0,2,0%,39
webp to avif,0,2,0%,40
конвертация avif в jpg,0,2,0%,40
画像 mb 下げる,0,2,0%,40
convertitore jpg in png,0,2,0%,41
transformar em webp,0,2,0%,41
уменьшить вес картинки онлайн,0,2,0%,41
cambia dimensioni foto,0,2,0%,41.5
avif em jpg,0,2,0%,42
de heix a png,0,2,0%,42
converter de avif para jpg,0,2,0%,43
converter webp png,0,2,0%,43.5
convertisseur heic png,0,2,0%,44.5
переконвертировать webp в jpg,0,2,0%,44.5
alleggerire foto,0,2,0%,45
comprimir imagenes gratis,0,2,0%,45
ridurre pixel foto,0,2,0%,45
avif in jpg umwandeln,0,2,0%,45.5
convertir png en jpeg sans perte,0,2,0%,45.5
redimensionar una imagen online,0,2,0%,45.5
сжатие картинок онлайн,0,2,0%,45.5
image heic en jpg,0,2,0%,46
cambiare dimensioni foto,0,2,0%,46.5
come comprimere foto,0,2,0%,46.5
convertire avif in jpg,0,2,0%,46.5
converti avif in png,0,2,0%,47
уменьшить фото онлайн,0,2,0%,47
comprimir imagem,0,2,0%,47.5
modifica dimensioni immagine,0,2,0%,47.5
ridimensionare pixel foto,0,2,0%,47.5
trasforma jpg in png,0,2,0%,47.5
convertir avif jpg,0,2,0%,48
jpg in png umwandeln kostenlos,0,2,0%,48
reducir pixeles imagen,0,2,0%,48
convertitore da avif a jpg,0,2,0%,48.5
modificare i pixel di una foto,0,2,0%,48.5
webp em jpg,0,2,0%,48.5
webp to heif,0,2,0%,48.5
convert png to jpg in photoshop,0,2,0%,49
convertir heic en jpg samsung,0,2,0%,49
de .heic a jpg,0,2,0%,49
png pra webp,0,2,0%,49
webp als jpg speichern,0,2,0%,49
converter de png para webp,0,2,0%,49.5
convertir imagen webp en jpg,0,2,0%,49.5
heicto jpg,0,2,0%,49.5
jpgをpngに変換,0,2,0%,49.5
хеик в пнг,0,2,0%,49.5
avif para jpeg,0,2,0%,50
convertisseur avif en jpg,0,2,0%,50.5
heic to jep,0,2,0%,50.5
heix to jpg,0,2,0%,50.5
imagem png transformar,0,2,0%,50.5
cambiar heic a jpg,0,2,0%,51
heic 파일 변환,0,2,0%,51
transformar png para jpg,0,2,0%,51
client side image converter,0,2,0%,51.5
webp par apng,0,2,0%,51.5
cambiar resolucion de imagenes,0,2,0%,52
cambiar tamaño de una imagen,0,2,0%,52
compressor photo,0,2,0%,52
cambiar una imagen de tamaño,0,2,0%,52.5
conversor de jpg em png,0,2,0%,52.5
convertisseur webp png,0,2,0%,52.5
hacer mas pequeña una foto,0,2,0%,52.5
hacer mas pequeña una imagen,0,2,0%,52.5
transformer un png en jpg,0,2,0%,54
png en jpeg en ligne,0,2,0%,54.5
png x jpg,0,2,0%,54.5
cambiar tamaño foto online,0,2,0%,55
changing jpg to png,0,2,0%,55
da foto a png,0,2,0%,55
ضغط الصور,0,2,0%,55
cambiar medidas de imagen,0,2,0%,55.5
changer dimension image,0,2,0%,55.5
conversor heic,0,2,0%,55.5
convertidor heic a png,0,2,0%,55.5
hacer foto mas pequeña,0,2,0%,55.5
cambiar resolucion foto,0,2,0%,56
redimensionnement photo,0,2,0%,56
transformar de webp a jpg,0,2,0%,56
уменьшить изображение онлайн,0,2,0%,56.5
mudar tamanho de imagem,0,2,0%,57
png heic,0,2,0%,57
riduci dimensioni immagini,0,2,0%,57
convert webp em jpg,0,2,0%,57.5
converter imagem em jpg em png,0,2,0%,57.5
convertir png webp,0,2,0%,57.5
empequeñecer imagen,0,2,0%,57.5
how can i change png to jpg,0,2,0%,57.5
modifier la résolution d'une image,0,2,0%,57.5
convert apple photo to jpg,0,2,0%,58
converter avif para jpeg,0,2,0%,58
convertir archivo webp a jpg,0,2,0%,58
convertire jpg in png gratis,0,2,0%,58
de archivo webp a jpg,0,2,0%,58
redimentionner une image,0,2,0%,58
hiec 変換,0,2,0%,58.5
pasar imagen de png a jpg,0,2,0%,58.5
png zu jpg ohne qualitätsverlust,0,2,0%,58.5
convertir fotos heic a jpg,0,2,0%,59
disminuir pixeles de una imagen,0,2,0%,59
jpg e png,0,2,0%,59
mudar dimensoes de imagem,0,2,0%,59
ridurre i pixel di una foto,0,2,0%,59
afiv to jpg,0,2,0%,59.5
ajustar fotos,0,2,0%,59.5
cambiar pixeles foto,0,2,0%,59.5
change jpg to png,0,2,0%,59.5
como convertir heic a jpg,0,2,0%,59.5
convert a png to a jpg,0,2,0%,59.5
convertire da avif a jpg,0,2,0%,59.5
heic a jpg online,0,2,0%,59.5
modificare dimensioni immagine,0,2,0%,59.5
avif vers jpg,0,2,0%,60
jpg in webp,0,2,0%,60
jpg yo png,0,2,0%,60
webp convert to png,0,2,0%,60
cambiar archivo webp a png,0,2,0%,60.5
remover metadados,0,2,0%,60.5
сжать фото онлайн бесплатно,0,2,0%,60.5
conversor de imagem para png,0,2,0%,61
convertire heic to jpg,0,2,0%,61
heic to jg,0,2,0%,61
ajustar imagenes,0,2,0%,61.5
cambiar archivo webp a jpg,0,2,0%,61.5
cambio de tamaño de imagen,0,2,0%,61.5
convertidor de avif a jpg,0,2,0%,61.5
pmg to jpg,0,2,0%,61.5
turning png to jpg,0,2,0%,61.5
webp para png,0,2,0%,61.5
webp zu jpg,0,2,0%,61.5
converter fotos para png,0,2,0%,62
de web a png,0,2,0%,62
trocar proporção de imagem,0,2,0%,62
conversor de png a jpg,0,2,0%,62.5
convertire jpg in png,0,2,0%,62.5
png to jpg high-quality,0,2,0%,62.5
como transformar uma foto png em jpg,0,2,0%,63
convertidor webp a jpg,0,2,0%,63
convertir archivo webp a png,0,2,0%,63
convertir imagen en png,0,2,0%,63
heic para png,0,2,0%,63
cambiar medidas foto,0,2,0%,63.5
convert heic,0,2,0%,63.5
formato heic para jpg,0,2,0%,63.5
сжать изображения,0,2,0%,63.5
convertidor heic a jpg gratis,0,2,0%,64
pasar foto de png a jpg,0,2,0%,64
webp a jpg online,0,2,0%,64
как уменьшить размер фото онлайн бесплатно,0,2,0%,64
cambiar medidas imagen,0,2,0%,64.5
como cambiar heic a jpg,0,2,0%,64.5
comprimere immagini online,0,2,0%,64.5
convert png a jpg,0,2,0%,64.5
hacer imagen mas pequeña,0,2,0%,64.5
png v jpg,0,2,0%,64.5
redimensionar imagen online gratis,0,2,0%,64.5
transformar imagem para png,0,2,0%,64.5
convertidor heic jpg,0,2,0%,65
pasar foto png a jpg,0,2,0%,65
pasar avif a jpg,0,2,0%,65.5
transformar png a jpg,0,2,0%,65.5
avf to jpg,0,2,0%,66
convertir foto png a jpg,0,2,0%,66
imagem avif,0,2,0%,66
png to jpg format,0,2,0%,66
png transfer to jpg,0,2,0%,66
redimensionar imagenes online gratis,0,2,0%,66
transformar resolução de imagem,0,2,0%,66
convertidor de png a jpg,0,2,0%,66.5
imagen webp a jpg,0,2,0%,66.5
png to jpg android,0,2,0%,66.5
уменьшить размер изображения,0,2,0%,66.5
heic umwandler,0,2,0%,67
imagen en png,0,2,0%,67
사진 사이즈 변환,0,2,0%,67
.heic para jpg,0,2,0%,67.5
achicar fotos,0,2,0%,67.5
cambiar pixeles a una foto,0,2,0%,67.5
como cambiar el formato webp a jpg,0,2,0%,67.5
convertir un jpg en png,0,2,0%,67.5
estirar imagen online,0,2,0%,67.5
photos compressées,0,2,0%,67.5
transformar webp a png,0,2,0%,67.5
trasformare jpg in png,0,2,0%,67.5
이미지 파일 크기 변환,0,2,0%,67.5
cloudconvert webp to png,0,2,0%,68
heic jpg 변환,0,2,0%,68
hiec to jpg,0,2,0%,68
transformar webp em jpg,0,2,0%,68
transformar webp para png,0,2,0%,68
webp to jpeg,0,2,0%,68
webp から jpg,0,2,0%,68
画像 サイズ 変換,0,2,0%,68
como pasar un jpg a png,0,2,0%,68.5
convertir archivo png a jpg,0,2,0%,68.5
hiec to jpeg,0,2,0%,68.5
image compressor,0,2,0%,68.5
pngjpg,0,2,0%,68.5
avif to png conversion,0,2,0%,69
cambiar de tamaño imagen,0,2,0%,69
cambiar resolucion imagen online,0,2,0%,69
comprimir imágenes online,0,2,0%,69
convertir archivo heic a jpg,0,2,0%,69
convertir imagenes png a jpg,0,2,0%,69
eliminar metadatos foto,0,2,0%,69
mudar pixel de imagem,0,2,0%,69
pasar imagen webp a png,0,2,0%,69
cambiar tamaño de imagen sin perder calidad,0,2,0%,69.5
converter heic para jpeg,0,2,0%,69.5
convertire immagine in png,0,2,0%,69.5
de webp para png,0,2,0%,69.5
how to change png to jpg,0,2,0%,69.5
redimensionar imagen png,0,2,0%,69.5
из jpg в png,0,2,0%,69.5
arquivo web para png,0,2,0%,70
change from png to jpg,0,2,0%,70
como transformar foto heic em jpg,0,2,0%,70
convertidor png a jpg,0,2,0%,70
diminuire peso foto,0,2,0%,70
hec to jpeg,0,2,0%,70
heic para jog,0,2,0%,70
jpg png 변환,0,2,0%,70
webp para jpeg,0,2,0%,70
webp to pn,0,2,0%,70
webp-to-png,0,2,0%,70
wep to png,0,2,0%,70
cambiar formato png a jpg,0,2,0%,70.5
compresser des images,0,2,0%,70.5
convert ong to jpeg,0,2,0%,70.5
jpg topng,0,2,0%,70.5
modificar tamaño fotos,0,2,0%,70.5
conversion png en jpg,0,2,0%,71
conversor avif a jpg,0,2,0%,71
convertir png en jpeg en ligne,0,2,0%,71
heic in jpg umwandeln kostenlos,0,2,0%,71
heic to joeg,0,2,0%,71
to convert png to jpg,0,2,0%,71
webp png 변환,0,2,0%,71
webp to transparent png,0,2,0%,71
конвертировать jpg в png,0,2,0%,71
converter heic to jpg,0,2,0%,71.5
heic in png umwandeln,0,2,0%,71.5
npg to jpg,0,2,0%,71.5
pasar de archivo webp a jpg,0,2,0%,71.5
switch png to jpg,0,2,0%,71.5
cambiar dimensiones imagen,0,2,0%,72
change avif to png,0,2,0%,72
como cambiar formato webp a jpg,0,2,0%,72
converter webp em jpg,0,2,0%,72
hacer pequeña una imagen,0,2,0%,72
heic to jog,0,2,0%,72
pasar de webp a jpg,0,2,0%,72
redimensioanr imagem,0,2,0%,72
リサイズ 画像,0,2,0%,72
converter foto para png,0,2,0%,72.5
heic a jpeg,0,2,0%,72.5
jpg and png,0,2,0%,72.5
convert .png to .jpg,0,2,0%,73
dimensionar imagen,0,2,0%,73
png in jpg umwandeln,0,2,0%,73
webhp to jpg,0,2,0%,73
how do i convert png to jpg,0,2,0%,73.5
jpg a png online,0,2,0%,73.5
pasar de png a webp,0,2,0%,73.5
poner imagen en png,0,2,0%,73.5
redimensionador,0,2,0%,73.5
reducir tamaño de imagen online,0,2,0%,73.5
transfer avif to png,0,2,0%,73.5
webp for jpg,0,2,0%,73.5
webpm to png,0,2,0%,73.5
adaptar imagenes,0,2,0%,74