排名靠前的网页,点击次数,展示,点击率,排名
https://picshift.app/,2,40,5%,6.4
https://picshift.app/pt/image-resizer,1,173,0.58%,64.65
https://picshift.app/ru/heic-to-jpg/,1,24,4.17%,79.92
https://picshift.app/ru/heic-to-webp,1,15,6.67%,8.73
https://picshift.app/fr/,1,11,9.09%,7.64
https://picshift.app/ar/heic-to-jpg,1,11,9.09%,9.91
https://picshift.app/ja/image-compressor/,1,11,9.09%,30.18
https://picshift.app/jpg-to-avif,1,5,20%,50.6
https://picshift.app/es/image-resizer,0,443,0%,70.91
https://picshift.app/pt/jpg-to-png/,0,308,0%,43.11
https://picshift.app/png-to-jpg,0,289,0%,74.75
https://picshift.app/pt/png-to-jpg,0,144,0%,48.29
https://picshift.app/es/heic-to-jpg/,0,126,0%,65.77
https://picshift.app/fr/image-resizer/,0,112,0%,35.51
https://picshift.app/es/jpg-to-png/,0,100,0%,75.97
https://picshift.app/it/image-resizer/,0,88,0%,57.48
https://picshift.app/de/image-resizer/,0,85,0%,78.92
https://picshift.app/it/image-compressor/,0,81,0%,63.99
https://picshift.app/es/png-to-jpg,0,76,0%,69.92
https://picshift.app/es/webp-to-jpg/,0,73,0%,62.48
https://picshift.app/ru/image-compressor/,0,71,0%,41.96
https://picshift.app/es/heic-to-jpg,0,55,0%,67.78
https://picshift.app/jpg-to-png,0,55,0%,71.33
https://picshift.app/de/heic-to-jpg/,0,55,0%,77.11
https://picshift.app/blog/what-is-exif-data,0,54,0%,24.5
https://picshift.app/it/jpg-to-png,0,49,0%,72.16
https://picshift.app/es/webp-to-png/,0,48,0%,65.69
https://picshift.app/fr/png-to-jpg,0,42,0%,53.19
https://picshift.app/es/jpg-to-webp,0,40,0%,64.38
https://picshift.app/fr/heif-to-jpg,0,36,0%,10.56
https://picshift.app/es/webp-to-jpg,0,35,0%,51.57
https://picshift.app/ru/heif-to-jpg,0,34,0%,9.56
https://picshift.app/pt/webp-to-jpg,0,34,0%,73.53
https://picshift.app/es/jpg-to-png,0,34,0%,80.71
https://picshift.app/fr/image-resizer,0,32,0%,33.19
https://picshift.app/es/image-compressor,0,31,0%,78.35
https://picshift.app/de/jpg-to-png,0,28,0%,54.29
https://picshift.app/pt/webp-to-png/,0,28,0%,73.5
https://picshift.app/heif-to-jpg/,0,27,0%,73.04
https://picshift.app/image-resizer,0,25,0%,82.8
https://picshift.app/pt/avif-to-jpg,0,21,0%,43
https://picshift.app/fr/jpg-to-png/,0,21,0%,91.62
https://picshift.app/ja/png-to-avif/,0,18,0%,6.39
https://picshift.app/fr/heic-to-jpg,0,18,0%,53.61
https://picshift.app/ko/webp-to-jpg,0,17,0%,23.65
https://picshift.app/es/heic-to-png/,0,17,0%,63.53
https://picshift.app/ru/webp-to-jpg,0,17,0%,63.65
https://picshift.app/it/avif-to-jpg/,0,17,0%,67.88
https://picshift.app/webp-to-png,0,17,0%,72.18
https://picshift.app/it/heic-to-jpg,0,17,0%,81.47
https://picshift.app/fr/jpg-to-avif/,0,16,0%,7.62
https://picshift.app/es/heic-to-webp/,0,16,0%,9.81
https://picshift.app/ja/heic-to-jpg,0,16,0%,66.69
https://picshift.app/de/jpg-to-png/,0,16,0%,75.5
https://picshift.app/de/avif-to-png,0,15,0%,16.4
https://picshift.app/it/heic-to-png,0,15,0%,55.47
https://picshift.app/pt/image-compressor/,0,15,0%,56.47
https://picshift.app/pt/heic-to-jpg,0,15,0%,60.8
https://picshift.app/avif-to-png,0,15,0%,71.87
https://picshift.app/it/png-to-jpg/,0,15,0%,75.8
https://picshift.app/it/webp-to-jpg,0,15,0%,75.87
https://picshift.app/es/heic-to-png,0,14,0%,34.21
https://picshift.app/ko/image-resizer,0,14,0%,64.71
https://picshift.app/de/png-to-jpg,0,14,0%,72.43
https://picshift.app/it/png-to-avif/,0,13,0%,13.38
https://picshift.app/de/webp-to-jpg,0,13,0%,72.69
https://picshift.app/pt/avif-to-png,0,12,0%,21.92
https://picshift.app/ja/image-compressor,0,12,0%,49.08
https://picshift.app/png-to-avif/,0,12,0%,53
https://picshift.app/fr/avif-to-png,0,11,0%,9
https://picshift.app/de/image-compressor/,0,11,0%,47.91
https://picshift.app/pt/jpg-to-webp,0,11,0%,49.18
https://picshift.app/pt/jpg-to-png,0,11,0%,69.91
https://picshift.app/zh-Hant/image-compressor,0,11,0%,70.64
https://picshift.app/ru/jpg-to-png/,0,11,0%,72.36
https://picshift.app/it/jpg-to-webp/,0,11,0%,75.45
https://picshift.app/fr/jpg-to-png,0,11,0%,83.09
https://picshift.app/ko/avif-to-png/,0,10,0%,9.7
https://picshift.app/es/jpg-to-webp/,0,10,0%,23.2
https://picshift.app/webp-to-avif,0,10,0%,43.3
https://picshift.app/it/webp-to-jpg/,0,10,0%,82.6
https://picshift.app/ja/png-to-avif,0,9,0%,6
https://picshift.app/es/,0,9,0%,6.67
https://picshift.app/ru/heif-to-png,0,9,0%,6.78
https://picshift.app/es/jpg-to-avif,0,9,0%,24.22
https://picshift.app/it/avif-to-png/,0,9,0%,51.67
https://picshift.app/de/webp-to-jpg/,0,9,0%,75.11
https://picshift.app/it/heif-to-png,0,8,0%,7.5
https://picshift.app/ja/,0,8,0%,9.25
https://picshift.app/ru/avif-to-png,0,8,0%,41.5
https://picshift.app/fr/avif-to-jpg/,0,8,0%,57.75
https://picshift.app/ru/png-to-jpg/,0,8,0%,62.62
https://picshift.app/webp-to-png/,0,8,0%,70.12
https://picshift.app/de/,0,7,0%,4.29
https://picshift.app/ru/heif-to-jpg/,0,7,0%,16.86
https://picshift.app/fr/avif-to-png/,0,7,0%,36.14
https://picshift.app/ru/heic-to-png/,0,7,0%,46.57
https://picshift.app/it/jpg-to-avif/,0,7,0%,50
https://picshift.app/fr/jpg-to-webp,0,7,0%,56
https://picshift.app/fr/image-compressor,0,7,0%,59.43
https://picshift.app/ja/webp-to-jpg,0,7,0%,59.43
https://picshift.app/fr/webp-to-png/,0,7,0%,70.71
https://picshift.app/it/webp-to-png/,0,7,0%,74
https://picshift.app/ru/webp-to-jpg/,0,7,0%,75
https://picshift.app/es/png-to-webp,0,7,0%,75.71
https://picshift.app/de/heic-to-jpg,0,7,0%,80.29
https://picshift.app/de/jpg-to-webp/,0,7,0%,85.29
https://picshift.app/pt/,0,6,0%,4.33
https://picshift.app/ru/,0,6,0%,6
https://picshift.app/image-resizer/,0,6,0%,29
https://picshift.app/es/heif-to-webp/,0,6,0%,35.67
https://picshift.app/avif-to-jpg,0,6,0%,42.33
https://picshift.app/ru/avif-to-jpg/,0,6,0%,43.67
https://picshift.app/fr/webp-to-jpg,0,6,0%,53.5
https://picshift.app/ru/webp-to-png,0,6,0%,59.83
https://picshift.app/es/metadata-remover,0,6,0%,60.67
https://picshift.app/es/avif-to-jpg,0,6,0%,67.17
https://picshift.app/ko/,0,5,0%,2.4
https://picshift.app/it/heif-to-png/,0,5,0%,8.2
https://picshift.app/privacy,0,5,0%,8.4
https://picshift.app/docs/image-quality-vs-file-size,0,5,0%,16.6
https://picshift.app/es/avif-to-png,0,5,0%,37.6
https://picshift.app/ko/heic-to-jpg,0,5,0%,39
https://picshift.app/es/heif-to-jpg,0,5,0%,42
https://picshift.app/ru/jpg-to-webp,0,5,0%,52.8
https://picshift.app/pt/heic-to-png/,0,5,0%,67.8
https://picshift.app/de/heic-to-png,0,5,0%,71.8
https://picshift.app/ja/image-resizer,0,4,0%,6
https://picshift.app/es/docs/privacy-local-processing/,0,4,0%,8.5
https://picshift.app/ko/metadata-remover/,0,4,0%,16
https://picshift.app/fr/heic-to-png/,0,4,0%,23.75
https://picshift.app/fr/avif-to-jpg,0,4,0%,42.5
https://picshift.app/heif-to-jpg,0,4,0%,64
https://picshift.app/de/avif-to-jpg,0,4,0%,65
https://picshift.app/de/jpg-to-avif/,0,4,0%,65.5
https://picshift.app/ja/webp-to-png/,0,4,0%,76.25
https://picshift.app/zh-Hant/jpg-to-png,0,4,0%,78.25
https://picshift.app/image-compressor/,0,3,0%,2.33
https://picshift.app/fr/docs/image-quality-vs-file-size/,0,3,0%,4
https://picshift.app/ar/,0,3,0%,5.33
https://picshift.app/zh-Hant/image-resizer,0,3,0%,7
https://picshift.app/zh/,0,3,0%,8.67
https://picshift.app/heic-to-png,0,3,0%,9
https://picshift.app/it/heic-to-webp/,0,3,0%,9
https://picshift.app/zh/docs/format-compatibility,0,3,0%,11.33
https://picshift.app/ja/jpg-to-avif,0,3,0%,12.67
https://picshift.app/fr/heic-to-png,0,3,0%,18.33
https://picshift.app/png-to-avif,0,3,0%,34
https://picshift.app/heic-to-webp/,0,3,0%,38
https://picshift.app/de/image-compressor,0,3,0%,39.67
https://picshift.app/fr/jpg-to-avif,0,3,0%,40.67
https://picshift.app/it/avif-to-jpg,0,3,0%,46.67
https://picshift.app/ko/image-compressor,0,3,0%,54.67
https://picshift.app/pt/heic-to-jpg/,0,3,0%,60.67
https://picshift.app/ko/heic-to-jpg/,0,3,0%,63.33
https://picshift.app/jpg-to-avif/,0,3,0%,69
https://picshift.app/de/image-resizer,0,3,0%,69.67
https://picshift.app/pt/jpg-to-avif,0,3,0%,85
https://picshift.app/it/,0,2,0%,2
https://picshift.app/docs/privacy-local-processing/,0,2,0%,3
https://picshift.app/ja/heic-to-png/,0,2,0%,4
https://picshift.app/blog,0,2,0%,6.5
https://picshift.app/zh,0,2,0%,7
https://picshift.app/docs/format-compatibility,0,2,0%,7.5
https://picshift.app/pt/docs/image-quality-vs-file-size/,0,2,0%,8
https://picshift.app/ja/heic-to-webp/,0,2,0%,8.5
https://picshift.app/ko/jpg-to-avif,0,2,0%,8.5
https://picshift.app/es/heic-to-avif,0,2,0%,10
https://picshift.app/ru/heic-to-png,0,2,0%,10.5
https://picshift.app/de/avif-to-webp/,0,2,0%,22.5
https://picshift.app/ko/jpg-to-png/,0,2,0%,26
https://picshift.app/es/png-to-avif,0,2,0%,45
https://picshift.app/de/jpg-to-webp,0,2,0%,46.5
https://picshift.app/ja/png-to-jpg/,0,2,0%,48.5
https://picshift.app/fr/avif-to-webp,0,2,0%,53
https://picshift.app/pt/png-to-webp,0,2,0%,65
https://picshift.app/zh/heic-to-jpg,0,2,0%,73.5
https://picshift.app/ja/jpg-to-png/,0,2,0%,74
https://picshift.app/ko/webp-to-png/,0,2,0%,74
https://picshift.app/it/jpg-to-webp,0,2,0%,84
https://picshift.app/ru/png-to-jpg,0,2,0%,85
https://picshift.app/heif-to-png/,0,2,0%,87.5
https://picshift.app/zh-Hant/webp-to-jpg,0,2,0%,88.5
https://picshift.app/fr/png-to-webp,0,2,0%,93.5
https://picshift.app/blog/png-vs-jpg/,0,1,0%,1
https://picshift.app/docs/why-picshift,0,1,0%,1
https://picshift.app/pt/docs/format-compatibility/,0,1,0%,1
https://picshift.app/it,0,1,0%,2
https://picshift.app/png-to-webp/,0,1,0%,3
https://picshift.app/zh-Hant/docs/image-quality-vs-file-size,0,1,0%,3
https://picshift.app/docs/,0,1,0%,4
https://picshift.app/es/metadata-remover/,0,1,0%,4
https://picshift.app/it/docs/format-compatibility,0,1,0%,4
https://picshift.app/es/docs/why-picshift,0,1,0%,5
https://picshift.app/fr/docs/privacy-local-processing/,0,1,0%,5
https://picshift.app/it/docs/,0,1,0%,5
https://picshift.app/ja/docs/privacy-local-processing,0,1,0%,5
https://picshift.app/de/docs/,0,1,0%,6
https://picshift.app/es/docs/,0,1,0%,6
https://picshift.app/heif-to-webp,0,1,0%,6
https://picshift.app/ru/jpg-to-avif,0,1,0%,6
https://picshift.app/ar/jpg-to-webp,0,1,0%,7
https://picshift.app/it/privacy/,0,1,0%,7
https://picshift.app/ko/heic-to-avif,0,1,0%,7
https://picshift.app/ko/heic-to-png,0,1,0%,7
https://picshift.app/zh-Hant/jpg-png-to-heic,0,1,0%,7
https://picshift.app/ar/heic-to-webp,0,1,0%,8
https://picshift.app/ar/image-compressor,0,1,0%,8
https://picshift.app/heif-to-avif,0,1,0%,8
https://picshift.app/ko/avif-to-webp,0,1,0%,8
https://picshift.app/pt/heif-to-webp/,0,1,0%,8
https://picshift.app/ru/image-compressor,0,1,0%,8
https://picshift.app/de/docs/image-quality-vs-file-size/,0,1,0%,9
https://picshift.app/fr/heic-to-avif,0,1,0%,9
https://picshift.app/it/heic-to-avif,0,1,0%,9
https://picshift.app/it/jpg-to-avif,0,1,0%,9
https://picshift.app/ja/heic-to-webp,0,1,0%,10
https://picshift.app/ru/heic-to-webp/,0,1,0%,10
https://picshift.app/ru/heif-to-webp/,0,1,0%,10
http://picshift.app/png-to-webp,0,1,0%,11
https://picshift.app/de/docs/image-quality-vs-file-size,0,1,0%,12
https://picshift.app/fr/heic-to-webp/,0,1,0%,12
https://picshift.app/ko/heif-to-jpg/,0,1,0%,16
https://picshift.app/pt/avif-to-jpg/,0,1,0%,16
https://picshift.app/zh/webp-to-avif,0,1,0%,16
https://picshift.app/de/avif-to-webp,0,1,0%,18
https://picshift.app/fr/png-to-webp/,0,1,0%,23
https://picshift.app/ja/avif-to-jpg,0,1,0%,35
https://picshift.app/pt/webp-to-avif,0,1,0%,36
https://picshift.app/ja/avif-to-jpg/,0,1,0%,40
https://picshift.app/ja/heif-to-jpg,0,1,0%,41
https://picshift.app/es/avif-to-webp,0,1,0%,45
https://picshift.app/ko/avif-to-jpg,0,1,0%,45
https://picshift.app/ko/avif-to-jpg/,0,1,0%,45
https://picshift.app/de/heic-to-webp/,0,1,0%,50
https://picshift.app/zh-Hant/avif-to-jpg,0,1,0%,52
https://picshift.app/heic-to-jpg,0,1,0%,55
https://picshift.app/ko/png-to-jpg,0,1,0%,57
https://picshift.app/es/avif-to-webp/,0,1,0%,61
https://picshift.app/ko/png-to-jpg/,0,1,0%,63
https://picshift.app/it/avif-to-webp/,0,1,0%,64
https://picshift.app/de/jpg-to-avif,0,1,0%,68
https://picshift.app/es/webp-to-png,0,1,0%,69
https://picshift.app/ja/png-to-jpg,0,1,0%,69
https://picshift.app/zh-Hant/jpg-to-webp,0,1,0%,71
https://picshift.app/fr/webp-to-jpg/,0,1,0%,72
https://picshift.app/heic-to-jpg/,0,1,0%,73
https://picshift.app/ru/heic-to-jpg,0,1,0%,73
https://picshift.app/it/metadata-remover/,0,1,0%,78
https://picshift.app/pt/png-to-webp/,0,1,0%,78
https://picshift.app/es/png-to-webp/,0,1,0%,79
https://picshift.app/de/png-to-webp,0,1,0%,81
https://picshift.app/zh-Hant/webp-to-png,0,1,0%,81
https://picshift.app/zh/jpg-to-png/,0,1,0%,81
https://picshift.app/de/webp-to-png/,0,1,0%,83
https://picshift.app/zh/webp-to-png,0,1,0%,85
https://picshift.app/it/png-to-jpg,0,1,0%,96
https://picshift.app/ko/jpg-to-webp,0,1,0%,97
https://picshift.app/fr/webp-to-png,0,1,0%,99